,quarter,month,FEDFUNDS,RSAHORUSQ156S,MORTGAGE30US,CPIAUCSL
0,1954Q3,1954-07,0.8,,,26.86
1,1954Q3,1954-08,1.22,,,26.85
2,1954Q3,1954-09,1.07,,,26.81
3,1954Q4,1954-10,0.85,,,26.72
4,1954Q4,1954-11,0.83,,,26.78
5,1954Q4,1954-12,1.28,,,26.77
6,1955Q1,1955-01,1.39,,,26.77
7,1955Q1,1955-02,1.29,,,26.82
8,1955Q1,1955-03,1.35,,,26.79
9,1955Q2,1955-04,1.43,,,26.79
10,1955Q2,1955-05,1.43,,,26.77
11,1955Q2,1955-06,1.64,,,26.71
12,1955Q3,1955-07,1.68,,,26.76
13,1955Q3,1955-08,1.96,,,26.72
14,1955Q3,1955-09,2.18,,,26.85
15,1955Q4,1955-10,2.24,,,26.82
16,1955Q4,1955-11,2.35,,,26.88
17,1955Q4,1955-12,2.48,,,26.87
18,1956Q1,1956-01,2.45,,,26.83
19,1956Q1,1956-02,2.5,,,26.86
20,1956Q1,1956-03,2.5,,,26.89
21,1956Q2,1956-04,2.62,,,26.93
22,1956Q2,1956-05,2.75,,,27.03
23,1956Q2,1956-06,2.71,,,27.15
24,1956Q3,1956-07,2.75,,,27.29
25,1956Q3,1956-08,2.73,,,27.31
26,1956Q3,1956-09,2.95,,,27.35
27,1956Q4,1956-10,2.96,,,27.51
28,1956Q4,1956-11,2.88,,,27.51
29,1956Q4,1956-12,2.94,,,27.63
30,1957Q1,1957-01,2.84,,,27.67
31,1957Q1,1957-02,3.0,,,27.8
32,1957Q1,1957-03,2.96,,,27.86
33,1957Q2,1957-04,3.0,,,27.93
34,1957Q2,1957-05,3.0,,,28.0
35,1957Q2,1957-06,3.0,,,28.11
36,1957Q3,1957-07,2.99,,,28.19
37,1957Q3,1957-08,3.24,,,28.28
38,1957Q3,1957-09,3.47,,,28.32
39,1957Q4,1957-10,3.5,,,28.32
40,1957Q4,1957-11,3.28,,,28.41
41,1957Q4,1957-12,2.98,,,28.47
42,1958Q1,1958-01,2.72,,,28.64
43,1958Q1,1958-02,1.67,,,28.7
44,1958Q1,1958-03,1.2,,,28.87
45,1958Q2,1958-04,1.26,,,28.94
46,1958Q2,1958-05,0.63,,,28.94
47,1958Q2,1958-06,0.93,,,28.91
48,1958Q3,1958-07,0.68,,,28.89
49,1958Q3,1958-08,1.53,,,28.94
50,1958Q3,1958-09,1.76,,,28.91
51,1958Q4,1958-10,1.8,,,28.91
52,1958Q4,1958-11,2.27,,,28.95
53,1958Q4,1958-12,2.42,,,28.97
54,1959Q1,1959-01,2.48,,,29.01
55,1959Q1,1959-02,2.43,,,29.0
56,1959Q1,1959-03,2.8,,,28.97
57,1959Q2,1959-04,2.96,,,28.98
58,1959Q2,1959-05,2.9,,,29.04
59,1959Q2,1959-06,3.39,,,29.11
60,1959Q3,1959-07,3.47,,,29.15
61,1959Q3,1959-08,3.5,,,29.18
62,1959Q3,1959-09,3.76,,,29.25
63,1959Q4,1959-10,3.98,,,29.35
64,1959Q4,1959-11,4.0,,,29.35
65,1959Q4,1959-12,3.99,,,29.41
66,1960Q1,1960-01,3.99,,,29.37
67,1960Q1,1960-02,3.97,,,29.41
68,1960Q1,1960-03,3.84,,,29.41
69,1960Q2,1960-04,3.92,,,29.54
70,1960Q2,1960-05,3.85,,,29.57
71,1960Q2,1960-06,3.32,,,29.61
72,1960Q3,1960-07,3.23,,,29.55
73,1960Q3,1960-08,2.98,,,29.61
74,1960Q3,1960-09,2.6,,,29.61
75,1960Q4,1960-10,2.47,,,29.75
76,1960Q4,1960-11,2.44,,,29.78
77,1960Q4,1960-12,1.98,,,29.81
78,1961Q1,1961-01,1.45,,,29.84
79,1961Q1,1961-02,2.54,,,29.84
80,1961Q1,1961-03,2.02,,,29.84
81,1961Q2,1961-04,1.49,,,29.81
82,1961Q2,1961-05,1.98,,,29.84
83,1961Q2,1961-06,1.73,,,29.84
84,1961Q3,1961-07,1.17,,,29.92
85,1961Q3,1961-08,2.0,,,29.94
86,1961Q3,1961-09,1.88,,,29.98
87,1961Q4,1961-10,2.26,,,29.98
88,1961Q4,1961-11,2.61,,,29.98
89,1961Q4,1961-12,2.33,,,30.01
90,1962Q1,1962-01,2.15,,,30.04
91,1962Q1,1962-02,2.37,,,30.11
92,1962Q1,1962-03,2.85,,,30.17
93,1962Q2,1962-04,2.78,,,30.21
94,1962Q2,1962-05,2.36,,,30.24
95,1962Q2,1962-06,2.68,,,30.21
96,1962Q3,1962-07,2.71,,,30.22
97,1962Q3,1962-08,2.93,,,30.28
98,1962Q3,1962-09,2.9,,,30.42
99,1962Q4,1962-10,2.9,,,30.38
100,1962Q4,1962-11,2.94,,,30.38
101,1962Q4,1962-12,2.93,,,30.38
102,1963Q1,1963-01,2.92,,,30.44
103,1963Q1,1963-02,3.0,,,30.48
104,1963Q1,1963-03,2.98,,,30.51
105,1963Q2,1963-04,2.9,,,30.48
106,1963Q2,1963-05,3.0,,,30.51
107,1963Q2,1963-06,2.99,,,30.61
108,1963Q3,1963-07,3.02,,,30.69
109,1963Q3,1963-08,3.49,,,30.75
110,1963Q3,1963-09,3.48,,,30.72
111,1963Q4,1963-10,3.5,,,30.75
112,1963Q4,1963-11,3.48,,,30.78
113,1963Q4,1963-12,3.38,,,30.88
114,1964Q1,1964-01,3.48,,,30.94
115,1964Q1,1964-02,3.48,,,30.91
116,1964Q1,1964-03,3.43,,,30.94
117,1964Q2,1964-04,3.47,,,30.95
118,1964Q2,1964-05,3.5,,,30.98
119,1964Q2,1964-06,3.5,,,31.01
120,1964Q3,1964-07,3.42,,,31.02
121,1964Q3,1964-08,3.5,,,31.05
122,1964Q3,1964-09,3.45,,,31.08
123,1964Q4,1964-10,3.36,,,31.12
124,1964Q4,1964-11,3.52,,,31.21
125,1964Q4,1964-12,3.85,,,31.25
126,1965Q1,1965-01,3.9,,,31.28
127,1965Q1,1965-02,3.98,,,31.28
128,1965Q1,1965-03,4.05,,,31.31
129,1965Q2,1965-04,4.09,,,31.38
130,1965Q2,1965-05,4.1,,,31.48
131,1965Q2,1965-06,4.05,,,31.61
132,1965Q3,1965-07,4.09,,,31.58
133,1965Q3,1965-08,4.12,,,31.55
134,1965Q3,1965-09,4.02,,,31.62
135,1965Q4,1965-10,4.08,,,31.65
136,1965Q4,1965-11,4.1,,,31.75
137,1965Q4,1965-12,4.32,,,31.85
138,1966Q1,1966-01,4.42,,,31.88
139,1966Q1,1966-02,4.6,,,32.08
140,1966Q1,1966-03,4.66,,,32.18
141,1966Q2,1966-04,4.67,,,32.28
142,1966Q2,1966-05,4.9,,,32.35
143,1966Q2,1966-06,5.17,,,32.38
144,1966Q3,1966-07,5.3,,,32.45
145,1966Q3,1966-08,5.53,,,32.65
146,1966Q3,1966-09,5.4,,,32.75
147,1966Q4,1966-10,5.53,,,32.85
148,1966Q4,1966-11,5.76,,,32.88
149,1966Q4,1966-12,5.4,,,32.92
150,1967Q1,1967-01,4.94,,,32.9
151,1967Q1,1967-02,5.0,,,33.0
152,1967Q1,1967-03,4.53,,,33.0
153,1967Q2,1967-04,4.05,,,33.1
154,1967Q2,1967-05,3.94,,,33.1
155,1967Q2,1967-06,3.98,,,33.3
156,1967Q3,1967-07,3.79,,,33.4
157,1967Q3,1967-08,3.9,,,33.5
158,1967Q3,1967-09,3.99,,,33.6
159,1967Q4,1967-10,3.88,,,33.7
160,1967Q4,1967-11,4.13,,,33.9
161,1967Q4,1967-12,4.51,,,34.0
162,1968Q1,1968-01,4.61,,,34.1
163,1968Q1,1968-02,4.71,,,34.2
164,1968Q1,1968-03,5.05,,,34.3
165,1968Q2,1968-04,5.76,,,34.4
166,1968Q2,1968-05,6.12,,,34.5
167,1968Q2,1968-06,6.07,,,34.7
168,1968Q3,1968-07,6.03,,,34.9
169,1968Q3,1968-08,6.03,,,35.0
170,1968Q3,1968-09,5.78,,,35.1
171,1968Q4,1968-10,5.91,,,35.3
172,1968Q4,1968-11,5.82,,,35.4
173,1968Q4,1968-12,6.02,,,35.6
174,1969Q1,1969-01,6.3,,,35.7
175,1969Q1,1969-02,6.61,,,35.8
176,1969Q1,1969-03,6.79,,,36.1
177,1969Q2,1969-04,7.41,,,36.3
178,1969Q2,1969-05,8.67,,,36.4
179,1969Q2,1969-06,8.9,,,36.6
180,1969Q3,1969-07,8.61,,,36.8
181,1969Q3,1969-08,9.19,,,36.9
182,1969Q3,1969-09,9.15,,,37.1
183,1969Q4,1969-10,9.0,,,37.3
184,1969Q4,1969-11,8.85,,,37.5
185,1969Q4,1969-12,8.97,,,37.7
186,1970Q1,1970-01,8.98,,,37.9
187,1970Q1,1970-02,8.98,,,38.1
188,1970Q1,1970-03,7.76,,,38.3
189,1970Q2,1970-04,8.1,,,38.5
190,1970Q2,1970-05,7.95,,,38.6
191,1970Q2,1970-06,7.61,,,38.8
192,1970Q3,1970-07,7.21,,,38.9
193,1970Q3,1970-08,6.62,,,39.0
194,1970Q3,1970-09,6.29,,,39.2
195,1970Q4,1970-10,6.2,,,39.4
196,1970Q4,1970-11,5.6,,,39.6
197,1970Q4,1970-12,4.9,,,39.8
198,1971Q1,1971-01,4.14,,,39.9
199,1971Q1,1971-02,3.72,,,39.9
200,1971Q1,1971-03,3.71,,,40.0
201,1971Q2,1971-04,4.16,,7.31,40.1
202,1971Q2,1971-05,4.63,,7.425,40.3
203,1971Q2,1971-06,4.91,,7.529999999999999,40.5
204,1971Q3,1971-07,5.31,,7.604000000000001,40.6
205,1971Q3,1971-08,5.57,,7.6975,40.7
206,1971Q3,1971-09,5.55,,7.6875,40.8
207,1971Q4,1971-10,5.2,,7.628,40.9
208,1971Q4,1971-11,4.91,,7.55,41.0
209,1971Q4,1971-12,4.14,,7.4799999999999995,41.1
210,1972Q1,1972-01,3.51,,7.4375,41.2
211,1972Q1,1972-02,3.3,,7.324999999999999,41.4
212,1972Q1,1972-03,3.83,,7.298,41.4
213,1972Q2,1972-04,4.17,,7.29,41.5
214,1972Q2,1972-05,4.27,,7.3725000000000005,41.6
215,1972Q2,1972-06,4.46,,7.372,41.7
216,1972Q3,1972-07,4.55,,7.3950000000000005,41.8
217,1972Q3,1972-08,4.81,,7.4,41.9
218,1972Q3,1972-09,4.87,,7.42,42.1
219,1972Q4,1972-10,5.05,,7.42,42.2
220,1972Q4,1972-11,5.06,,7.4275,42.4
221,1972Q4,1972-12,5.33,,7.442,42.5
222,1973Q1,1973-01,5.94,,7.4375,42.7
223,1973Q1,1973-02,6.58,,7.4399999999999995,43.0
224,1973Q1,1973-03,7.09,,7.458,43.4
225,1973Q2,1973-04,7.12,,7.5424999999999995,43.7
226,1973Q2,1973-05,7.84,,7.6525,43.9
227,1973Q2,1973-06,8.49,,7.734,44.2
228,1973Q3,1973-07,10.4,,8.05,44.2
229,1973Q3,1973-08,10.5,,8.496,45.0
230,1973Q3,1973-09,10.78,,8.815,45.2
231,1973Q4,1973-10,10.01,,8.77,45.6
232,1973Q4,1973-11,10.03,,8.581999999999999,45.9
233,1973Q4,1973-12,9.95,,8.5375,46.3
234,1974Q1,1974-01,9.65,,8.54,46.8
235,1974Q1,1974-02,8.97,,8.455,47.3
236,1974Q1,1974-03,9.35,,8.406,47.8
237,1974Q2,1974-04,10.51,,8.5825,48.1
238,1974Q2,1974-05,11.31,,8.972,48.6
239,1974Q2,1974-06,11.93,,9.085,49.0
240,1974Q3,1974-07,12.92,,9.28,49.3
241,1974Q3,1974-08,12.01,,9.586,49.9
242,1974Q3,1974-09,11.34,,9.9575,50.6
243,1974Q4,1974-10,10.06,,9.9775,51.0
244,1974Q4,1974-11,9.45,,9.788,51.5
245,1974Q4,1974-12,8.53,,9.615,51.9
246,1975Q1,1975-01,7.13,,9.431999999999999,52.3
247,1975Q1,1975-02,6.24,,9.105,52.6
248,1975Q1,1975-03,5.54,,8.9025,52.8
249,1975Q2,1975-04,5.49,,8.82,53.0
250,1975Q2,1975-05,5.22,,8.906,53.1
251,1975Q2,1975-06,5.55,,8.8925,53.5
252,1975Q3,1975-07,6.1,,8.89,54.0
253,1975Q3,1975-08,6.14,,8.942,54.2
254,1975Q3,1975-09,6.24,,9.13,54.6
255,1975Q4,1975-10,5.82,,9.224,54.9
256,1975Q4,1975-11,5.22,,9.145,55.3
257,1975Q4,1975-12,5.2,,9.0975,55.6
258,1976Q1,1976-01,4.87,,9.016,55.8
259,1976Q1,1976-02,4.77,,8.8125,55.9
260,1976Q1,1976-03,4.84,,8.754999999999999,56.0
261,1976Q2,1976-04,4.82,,8.73,56.1
262,1976Q2,1976-05,5.29,,8.765,56.4
263,1976Q2,1976-06,5.48,,8.8475,56.7
264,1976Q3,1976-07,5.31,,8.934000000000001,57.0
265,1976Q3,1976-08,5.29,,9.0,57.3
266,1976Q3,1976-09,5.25,,8.977500000000001,57.6
267,1976Q4,1976-10,5.02,,8.93,57.9
268,1976Q4,1976-11,4.95,,8.8125,58.1
269,1976Q4,1976-12,4.65,,8.792,58.4
270,1977Q1,1977-01,4.61,,8.7225,58.7
271,1977Q1,1977-02,4.68,,8.67,59.3
272,1977Q1,1977-03,4.69,,8.6875,59.6
273,1977Q2,1977-04,4.73,,8.751999999999999,60.0
274,1977Q2,1977-05,5.35,,8.8275,60.2
275,1977Q2,1977-06,5.39,,8.8575,60.5
276,1977Q3,1977-07,5.42,,8.941999999999998,60.8
277,1977Q3,1977-08,5.9,,8.94,61.1
278,1977Q3,1977-09,6.14,,8.896,61.3
279,1977Q4,1977-10,6.47,,8.9225,61.6
280,1977Q4,1977-11,6.51,,8.9225,62.0
281,1977Q4,1977-12,6.56,,8.959999999999999,62.3
282,1978Q1,1978-01,6.7,,9.015,62.7
283,1978Q1,1978-02,6.78,,9.145,63.0
284,1978Q1,1978-03,6.79,,9.202000000000002,63.4
285,1978Q2,1978-04,6.89,,9.355,63.9
286,1978Q2,1978-05,7.36,,9.5725,64.5
287,1978Q2,1978-06,7.6,,9.708,65.0
288,1978Q3,1978-07,7.81,,9.74,65.5
289,1978Q3,1978-08,8.04,,9.785,65.9
290,1978Q3,1978-09,8.45,,9.756,66.5
291,1978Q4,1978-10,8.96,,9.8575,67.1
292,1978Q4,1978-11,9.76,,10.1075,67.5
293,1978Q4,1978-12,10.03,,10.346,67.9
294,1979Q1,1979-01,10.07,,10.39,68.5
295,1979Q1,1979-02,10.06,,10.4075,69.2
296,1979Q1,1979-03,10.09,,10.425999999999998,69.9
297,1979Q2,1979-04,10.01,,10.4975,70.6
298,1979Q2,1979-05,10.24,,10.69,71.4
299,1979Q2,1979-06,10.29,,11.036,72.2
300,1979Q3,1979-07,10.47,,11.092500000000001,73.0
301,1979Q3,1979-08,10.94,,11.094,73.7
302,1979Q3,1979-09,11.43,,11.3,74.4
303,1979Q4,1979-10,13.77,,11.6375,75.2
304,1979Q4,1979-11,13.18,,12.830000000000002,76.0
305,1979Q4,1979-12,13.78,,12.9,76.9
306,1980Q1,1980-01,13.82,65.5,12.8775,78.0
307,1980Q1,1980-02,14.13,65.5,13.040000000000001,79.0
308,1980Q1,1980-03,17.19,65.5,15.2825,80.1
309,1980Q2,1980-04,17.61,65.6,16.325000000000003,80.9
310,1980Q2,1980-05,10.98,65.6,14.262,81.7
311,1980Q2,1980-06,9.47,65.6,12.71,82.5
312,1980Q3,1980-07,9.03,65.6,12.192499999999999,82.6
313,1980Q3,1980-08,9.61,65.6,12.559999999999999,83.2
314,1980Q3,1980-09,10.87,65.6,13.1975,83.9
315,1980Q4,1980-10,12.81,65.6,13.791999999999998,84.7
316,1980Q4,1980-11,15.85,65.6,14.205,85.6
317,1980Q4,1980-12,18.9,65.6,14.79,86.4
318,1981Q1,1981-01,19.08,65.6,14.904,87.2
319,1981Q1,1981-02,15.93,65.6,15.1325,88.0
320,1981Q1,1981-03,14.7,65.6,15.4,88.6
321,1981Q2,1981-04,15.72,65.4,15.58,89.1
322,1981Q2,1981-05,18.52,65.4,16.402,89.7
323,1981Q2,1981-06,19.1,65.4,16.695,90.5
324,1981Q3,1981-07,19.04,65.4,16.832,91.5
325,1981Q3,1981-08,17.82,65.4,17.285,92.2
326,1981Q3,1981-09,15.87,65.4,18.16,93.1
327,1981Q4,1981-10,15.08,65.3,18.454,93.4
328,1981Q4,1981-11,13.31,65.3,17.825,93.8
329,1981Q4,1981-12,12.37,65.3,16.945999999999998,94.1
330,1982Q1,1982-01,13.22,64.8,17.485,94.4
331,1982Q1,1982-02,14.78,64.8,17.5975,94.7
332,1982Q1,1982-03,14.68,64.8,17.16,94.7
333,1982Q2,1982-04,14.94,65.0,16.892,95.0
334,1982Q2,1982-05,14.45,65.0,16.677500000000002,95.9
335,1982Q2,1982-06,14.15,65.0,16.697499999999998,97.0
336,1982Q3,1982-07,12.59,64.7,16.816,97.5
337,1982Q3,1982-08,10.12,64.7,16.27,97.7
338,1982Q3,1982-09,10.31,64.7,15.43,97.7
339,1982Q4,1982-10,9.71,64.7,14.608,98.1
340,1982Q4,1982-11,9.2,64.7,13.825,98.0
341,1982Q4,1982-12,8.95,64.7,13.624,97.7
342,1983Q1,1983-01,8.68,64.7,13.2475,97.9
343,1983Q1,1983-02,8.51,64.7,13.0425,98.0
344,1983Q1,1983-03,8.77,64.7,12.8,98.1
345,1983Q2,1983-04,8.8,64.7,12.782,98.8
346,1983Q2,1983-05,8.63,64.7,12.6325,99.2
347,1983Q2,1983-06,8.98,64.7,12.870000000000001,99.4
348,1983Q3,1983-07,9.37,64.6,13.422,99.8
349,1983Q3,1983-08,9.56,64.6,13.81,100.1
350,1983Q3,1983-09,9.45,64.6,13.725999999999999,100.4
351,1983Q4,1983-10,9.48,64.6,13.535,100.8
352,1983Q4,1983-11,9.34,64.6,13.435,101.1
353,1983Q4,1983-12,9.47,64.6,13.419999999999998,101.4
354,1984Q1,1984-01,9.56,64.6,13.3675,102.1
355,1984Q1,1984-02,9.59,64.6,13.2325,102.6
356,1984Q1,1984-03,9.91,64.6,13.386000000000001,102.9
357,1984Q2,1984-04,10.29,64.6,13.6525,103.3
358,1984Q2,1984-05,10.32,64.6,13.942499999999999,103.5
359,1984Q2,1984-06,11.06,64.6,14.416,103.7
360,1984Q3,1984-07,11.23,64.5,14.6675,104.1
361,1984Q3,1984-08,11.64,64.5,14.469999999999999,104.4
362,1984Q3,1984-09,11.3,64.5,14.35,104.7
363,1984Q4,1984-10,9.99,64.3,14.129999999999999,105.1
364,1984Q4,1984-11,9.43,64.3,13.638,105.3
365,1984Q4,1984-12,8.38,64.3,13.18,105.5
366,1985Q1,1985-01,8.35,64.1,13.075,105.7
367,1985Q1,1985-02,8.5,64.1,12.92,106.3
368,1985Q1,1985-03,8.58,64.1,13.169999999999998,106.8
369,1985Q2,1985-04,8.27,64.1,13.195,107.0
370,1985Q2,1985-05,7.97,64.1,12.913999999999998,107.2
371,1985Q2,1985-06,7.53,64.1,12.215,107.5
372,1985Q3,1985-07,7.88,63.8,12.032499999999999,107.7
373,1985Q3,1985-08,7.9,63.8,12.186,107.9
374,1985Q3,1985-09,7.92,63.8,12.1925,108.1
375,1985Q4,1985-10,7.99,63.6,12.135,108.5
376,1985Q4,1985-11,8.05,63.6,11.784,109.0
377,1985Q4,1985-12,8.27,63.6,11.26,109.5
378,1986Q1,1986-01,8.14,63.7,10.886,109.9
379,1986Q1,1986-02,7.86,63.7,10.71,109.7
380,1986Q1,1986-03,7.48,63.7,10.08,109.1
381,1986Q2,1986-04,6.99,63.8,9.9375,108.7
382,1986Q2,1986-05,6.85,63.8,10.144,109.0
383,1986Q2,1986-06,6.92,63.8,10.6825,109.4
384,1986Q3,1986-07,6.56,63.7,10.5075,109.5
385,1986Q3,1986-08,6.17,63.7,10.2,109.6
386,1986Q3,1986-09,5.89,63.7,10.0075,110.0
387,1986Q4,1986-10,5.85,63.9,9.974,110.2
388,1986Q4,1986-11,6.04,63.9,9.695,110.4
389,1986Q4,1986-12,6.91,63.9,9.31,110.8
390,1987Q1,1987-01,6.43,63.9,9.203999999999999,111.4
391,1987Q1,1987-02,6.1,63.9,9.0825,111.8
392,1987Q1,1987-03,6.13,63.9,9.035,112.2
393,1987Q2,1987-04,6.37,63.9,9.8325,112.7
394,1987Q2,1987-05,6.85,63.9,10.596,113.0
395,1987Q2,1987-06,6.73,63.9,10.5375,113.5
396,1987Q3,1987-07,6.58,64.1,10.278,113.8
397,1987Q3,1987-08,6.73,64.1,10.33,114.3
398,1987Q3,1987-09,7.22,64.1,10.8875,114.7
399,1987Q4,1987-10,7.29,64.1,11.26,115.0
400,1987Q4,1987-11,6.69,64.1,10.65,115.4
401,1987Q4,1987-12,6.77,64.1,10.64,115.6
402,1988Q1,1988-01,6.83,63.8,10.3825,116.0
403,1988Q1,1988-02,6.58,63.8,9.8925,116.2
404,1988Q1,1988-03,6.58,63.8,9.93,116.5
405,1988Q2,1988-04,6.87,63.8,10.202,117.2
406,1988Q2,1988-05,7.09,63.8,10.455,117.5
407,1988Q2,1988-06,7.51,63.8,10.46,118.0
408,1988Q3,1988-07,7.75,63.8,10.432,118.5
409,1988Q3,1988-08,8.01,63.8,10.5975,119.0
410,1988Q3,1988-09,8.19,63.8,10.48,119.5
411,1988Q4,1988-10,8.3,63.8,10.3025,119.9
412,1988Q4,1988-11,8.35,63.8,10.265,120.3
413,1988Q4,1988-12,8.76,63.8,10.612,120.7
414,1989Q1,1989-01,9.12,64.0,10.73,121.2
415,1989Q1,1989-02,9.36,64.0,10.645,121.6
416,1989Q1,1989-03,9.85,64.0,11.032,122.2
417,1989Q2,1989-04,9.84,63.9,11.05,123.1
418,1989Q2,1989-05,9.81,63.9,10.7725,123.7
419,1989Q2,1989-06,9.53,63.9,10.196,124.1
420,1989Q3,1989-07,9.24,63.9,9.8825,124.5
421,1989Q3,1989-08,8.99,63.9,9.985,124.5
422,1989Q3,1989-09,9.02,63.9,10.126000000000001,124.8
423,1989Q4,1989-10,8.84,63.7,9.9475,125.4
424,1989Q4,1989-11,8.55,63.7,9.7675,125.9
425,1989Q4,1989-12,8.45,63.7,9.744,126.3
426,1990Q1,1990-01,8.23,64.1,9.895,127.5
427,1990Q1,1990-02,8.24,64.1,10.1975,128.0
428,1990Q1,1990-03,8.28,64.1,10.268,128.6
429,1990Q2,1990-04,8.26,63.9,10.370000000000001,128.9
430,1990Q2,1990-05,8.18,63.9,10.4775,129.1
431,1990Q2,1990-06,8.29,63.9,10.164,129.9
432,1990Q3,1990-07,8.15,63.9,10.035,130.5
433,1990Q3,1990-08,8.13,63.9,10.1,131.6
434,1990Q3,1990-09,8.2,63.9,10.175,132.5
435,1990Q4,1990-10,8.11,64.0,10.1775,133.4
436,1990Q4,1990-11,7.81,64.0,10.014,133.7
437,1990Q4,1990-12,7.31,64.0,9.6725,134.2
438,1991Q1,1991-01,6.91,64.0,9.6375,134.7
439,1991Q1,1991-02,6.25,64.0,9.365,134.8
440,1991Q1,1991-03,6.12,64.0,9.5,134.8
441,1991Q2,1991-04,5.91,64.1,9.4925,135.1
442,1991Q2,1991-05,5.78,64.1,9.472,135.6
443,1991Q2,1991-06,5.9,64.1,9.615,136.0
444,1991Q3,1991-07,5.82,64.1,9.575,136.2
445,1991Q3,1991-08,5.66,64.1,9.244,136.6
446,1991Q3,1991-09,5.45,64.1,9.0075,137.0
447,1991Q4,1991-10,5.21,64.1,8.855,137.2
448,1991Q4,1991-11,4.81,64.1,8.712,137.8
449,1991Q4,1991-12,4.43,64.1,8.497499999999999,138.2
450,1992Q1,1992-01,4.03,64.1,8.431999999999999,138.3
451,1992Q1,1992-02,4.06,64.1,8.7625,138.6
452,1992Q1,1992-03,3.98,64.1,8.935,139.1
453,1992Q2,1992-04,3.73,64.1,8.8525,139.4
454,1992Q2,1992-05,3.82,64.1,8.672,139.7
455,1992Q2,1992-06,3.76,64.1,8.51,140.1
456,1992Q3,1992-07,3.25,64.1,8.128,140.5
457,1992Q3,1992-08,3.3,64.1,7.975,140.8
458,1992Q3,1992-09,3.22,64.1,7.922499999999999,141.1
459,1992Q4,1992-10,3.1,64.3,8.088,141.7
460,1992Q4,1992-11,3.09,64.3,8.305,142.1
461,1992Q4,1992-12,2.92,64.3,8.206,142.3
462,1993Q1,1993-01,3.02,63.9,7.9925,142.8
463,1993Q1,1993-02,3.03,63.9,7.6825,143.1
464,1993Q1,1993-03,3.07,63.9,7.495,143.3
465,1993Q2,1993-04,2.96,64.0,7.4719999999999995,143.8
466,1993Q2,1993-05,3.0,64.0,7.465,144.2
467,1993Q2,1993-06,3.04,64.0,7.4175,144.3
468,1993Q3,1993-07,3.06,64.0,7.206,144.5
469,1993Q3,1993-08,3.03,64.0,7.1125,144.8
470,1993Q3,1993-09,3.09,64.0,6.915,145.0
471,1993Q4,1993-10,2.99,64.1,6.8340000000000005,145.6
472,1993Q4,1993-11,3.02,64.1,7.155,146.0
473,1993Q4,1993-12,2.96,64.1,7.172,146.3
474,1994Q1,1994-01,3.05,64.0,7.0600000000000005,146.3
475,1994Q1,1994-02,3.25,64.0,7.1525,146.7
476,1994Q1,1994-03,3.34,64.0,7.675,147.1
477,1994Q2,1994-04,3.56,63.9,8.315999999999999,147.2
478,1994Q2,1994-05,4.01,63.9,8.5975,147.5
479,1994Q2,1994-06,4.25,63.9,8.3975,147.9
480,1994Q3,1994-07,4.26,63.9,8.614,148.4
481,1994Q3,1994-08,4.47,63.9,8.5125,149.0
482,1994Q3,1994-09,4.73,63.9,8.64,149.3
483,1994Q4,1994-10,4.76,64.1,8.925,149.4
484,1994Q4,1994-11,5.29,64.1,9.17,149.8
485,1994Q4,1994-12,5.45,64.1,9.198,150.1
486,1995Q1,1995-01,5.53,64.4,9.1475,150.5
487,1995Q1,1995-02,5.92,64.4,8.8275,150.9
488,1995Q1,1995-03,5.98,64.4,8.462,151.2
489,1995Q2,1995-04,6.05,64.7,8.32,151.8
490,1995Q2,1995-05,6.01,64.7,7.955,152.1
491,1995Q2,1995-06,6.0,64.7,7.566,152.4
492,1995Q3,1995-07,5.85,64.8,7.6075,152.6
493,1995Q3,1995-08,5.74,64.8,7.86,152.9
494,1995Q3,1995-09,5.8,64.8,7.636,153.1
495,1995Q4,1995-10,5.76,65.1,7.475,153.5
496,1995Q4,1995-11,5.8,65.1,7.3774999999999995,153.7
497,1995Q4,1995-12,5.6,65.1,7.2,153.9
498,1996Q1,1996-01,5.56,65.3,7.029999999999999,154.7
499,1996Q1,1996-02,5.22,65.3,7.075,155.0
500,1996Q1,1996-03,5.31,65.3,7.624,155.5
501,1996Q2,1996-04,5.22,65.4,7.925000000000001,156.1
502,1996Q2,1996-05,5.24,65.4,8.07,156.4
503,1996Q2,1996-06,5.27,65.4,8.32,156.7
504,1996Q3,1996-07,5.4,65.4,8.245000000000001,157.0
505,1996Q3,1996-08,5.22,65.4,8.001999999999999,157.2
506,1996Q3,1996-09,5.3,65.4,8.23,157.7
507,1996Q4,1996-10,5.24,65.4,7.915,158.2
508,1996Q4,1996-11,5.31,65.4,7.618,158.7
509,1996Q4,1996-12,5.29,65.4,7.5975,159.1
510,1997Q1,1997-01,5.25,65.5,7.824,159.4
511,1997Q1,1997-02,5.19,65.5,7.65,159.7
512,1997Q1,1997-03,5.39,65.5,7.8975,159.8
513,1997Q2,1997-04,5.51,65.7,8.1425,159.9
514,1997Q2,1997-05,5.5,65.7,7.944,159.9
515,1997Q2,1997-06,5.56,65.7,7.6899999999999995,160.2
516,1997Q3,1997-07,5.52,65.8,7.4975,160.4
517,1997Q3,1997-08,5.54,65.8,7.4799999999999995,160.8
518,1997Q3,1997-09,5.54,65.8,7.43,161.2
519,1997Q4,1997-10,5.5,65.8,7.294,161.5
520,1997Q4,1997-11,5.52,65.8,7.205,161.7
521,1997Q4,1997-12,5.5,65.8,7.095000000000001,161.8
522,1998Q1,1998-01,5.56,66.0,6.994,162.0
523,1998Q1,1998-02,5.51,66.0,7.0425,162.0
524,1998Q1,1998-03,5.49,66.0,7.1275,162.0
525,1998Q2,1998-04,5.45,66.1,7.140000000000001,162.2
526,1998Q2,1998-05,5.49,66.1,7.144,162.6
527,1998Q2,1998-06,5.56,66.1,6.9975000000000005,162.8
528,1998Q3,1998-07,5.54,66.6,6.952,163.2
529,1998Q3,1998-08,5.55,66.6,6.9225,163.4
530,1998Q3,1998-09,5.51,66.6,6.7225,163.5
531,1998Q4,1998-10,5.07,66.5,6.709999999999999,163.9
532,1998Q4,1998-11,4.83,66.5,6.865,164.1
533,1998Q4,1998-12,4.68,66.5,6.7379999999999995,164.4
534,1999Q1,1999-01,4.63,66.7,6.785,164.7
535,1999Q1,1999-02,4.76,66.7,6.8075,164.7
536,1999Q1,1999-03,4.81,66.7,7.04,164.8
537,1999Q2,1999-04,4.74,66.7,6.9159999999999995,165.9
538,1999Q2,1999-05,4.74,66.7,7.145,166.0
539,1999Q2,1999-06,4.76,66.7,7.55,166.0
540,1999Q3,1999-07,4.99,66.8,7.632,166.7
541,1999Q3,1999-08,5.07,66.8,7.9425,167.1
542,1999Q3,1999-09,5.22,66.8,7.8225,167.8
543,1999Q4,1999-10,5.2,66.9,7.851999999999999,168.1
544,1999Q4,1999-11,5.42,66.9,7.7375,168.4
545,1999Q4,1999-12,5.3,66.9,7.912000000000001,168.8
546,2000Q1,2000-01,5.45,67.1,8.21,169.3
547,2000Q1,2000-02,5.73,67.1,8.325,170.0
548,2000Q1,2000-03,5.85,67.1,8.24,171.0
549,2000Q2,2000-04,6.02,67.3,8.1525,170.9
550,2000Q2,2000-05,6.27,67.3,8.515,171.2
551,2000Q2,2000-06,6.53,67.3,8.288,172.2
552,2000Q3,2000-07,6.54,67.5,8.1475,172.7
553,2000Q3,2000-08,6.5,67.5,8.0275,172.7
554,2000Q3,2000-09,6.52,67.5,7.912000000000001,173.6
555,2000Q4,2000-10,6.51,67.5,7.795,173.9
556,2000Q4,2000-11,6.51,67.5,7.745,174.2
557,2000Q4,2000-12,6.4,67.5,7.382,174.6
558,2001Q1,2001-01,5.98,67.6,7.0325,175.6
559,2001Q1,2001-02,5.49,67.6,7.05,176.0
560,2001Q1,2001-03,5.31,67.6,6.952,176.1
561,2001Q2,2001-04,4.8,67.8,7.0775,176.4
562,2001Q2,2001-05,4.21,67.8,7.145,177.3
563,2001Q2,2001-06,3.97,67.8,7.159999999999999,177.7
564,2001Q3,2001-07,3.77,67.9,7.1275,177.4
565,2001Q3,2001-08,3.65,67.9,6.95,177.4
566,2001Q3,2001-09,3.07,67.9,6.8175,178.1
567,2001Q4,2001-10,2.49,67.9,6.6175,177.6
568,2001Q4,2001-11,2.09,67.9,6.6579999999999995,177.5
569,2001Q4,2001-12,1.82,67.9,7.0649999999999995,177.4
570,2002Q1,2002-01,1.73,67.9,6.9975,177.7
571,2002Q1,2002-02,1.74,67.9,6.8925,178.0
572,2002Q1,2002-03,1.73,67.9,7.014,178.5
573,2002Q2,2002-04,1.75,67.8,6.985,179.3
574,2002Q2,2002-05,1.75,67.8,6.806,179.5
575,2002Q2,2002-06,1.75,67.8,6.65,179.6
576,2002Q3,2002-07,1.73,67.9,6.485,180.0
577,2002Q3,2002-08,1.74,67.9,6.29,180.5
578,2002Q3,2002-09,1.75,67.9,6.0925,180.8
579,2002Q4,2002-10,1.75,68.2,6.1125,181.2
580,2002Q4,2002-11,1.34,68.2,6.068,181.5
581,2002Q4,2002-12,1.24,68.2,6.0475,181.8
582,2003Q1,2003-01,1.24,68.1,5.9159999999999995,182.6
583,2003Q1,2003-02,1.26,68.1,5.8425,183.6
584,2003Q1,2003-03,1.25,68.1,5.745,183.9
585,2003Q2,2003-04,1.26,68.2,5.8125,183.2
586,2003Q2,2003-05,1.26,68.2,5.484,182.9
587,2003Q2,2003-06,1.22,68.2,5.23,183.1
588,2003Q3,2003-07,1.01,68.3,5.6325,183.7
589,2003Q3,2003-08,1.03,68.3,6.264,184.5
590,2003Q3,2003-09,1.01,68.3,6.1475,185.1
591,2003Q4,2003-10,1.01,68.5,5.952,184.9
592,2003Q4,2003-11,1.0,68.5,5.9325,185.0
593,2003Q4,2003-12,0.98,68.5,5.8759999999999994,185.5
594,2004Q1,2004-01,1.0,68.7,5.7125,186.3
595,2004Q1,2004-02,1.01,68.7,5.635,186.7
596,2004Q1,2004-03,1.0,68.7,5.445,187.1
597,2004Q2,2004-04,1.0,69.4,5.83,187.4
598,2004Q2,2004-05,1.0,69.4,6.27,188.2
599,2004Q2,2004-06,1.03,69.4,6.2875,188.9
600,2004Q3,2004-07,1.26,68.9,6.056,189.1
601,2004Q3,2004-08,1.43,68.9,5.8675,189.2
602,2004Q3,2004-09,1.61,68.9,5.754,189.8
603,2004Q4,2004-10,1.76,69.1,5.7225,190.8
604,2004Q4,2004-11,1.93,69.1,5.73,191.7
605,2004Q4,2004-12,2.16,69.1,5.752,191.7
606,2005Q1,2005-01,2.28,69.2,5.71,191.6
607,2005Q1,2005-02,2.5,69.2,5.6275,192.4
608,2005Q1,2005-03,2.63,69.2,5.928,193.1
609,2005Q2,2005-04,2.79,68.7,5.855,193.7
610,2005Q2,2005-05,3.0,68.7,5.72,193.6
611,2005Q2,2005-06,3.04,68.7,5.582,193.7
612,2005Q3,2005-07,3.26,68.7,5.695,194.9
613,2005Q3,2005-08,3.5,68.7,5.82,196.1
614,2005Q3,2005-09,3.62,68.7,5.774,198.8
615,2005Q4,2005-10,3.78,68.9,6.065,199.1
616,2005Q4,2005-11,4.0,68.9,6.33,198.1
617,2005Q4,2005-12,4.16,68.9,6.272,198.1
618,2006Q1,2006-01,4.29,68.6,6.145,199.3
619,2006Q1,2006-02,4.49,68.6,6.2525,199.4
620,2006Q1,2006-03,4.59,68.6,6.324,199.7
621,2006Q2,2006-04,4.79,68.8,6.5075,200.7
622,2006Q2,2006-05,4.94,68.8,6.5975,201.3
623,2006Q2,2006-06,4.99,68.8,6.6819999999999995,201.8
624,2006Q3,2006-07,5.24,68.9,6.7625,202.9
625,2006Q3,2006-08,5.25,68.9,6.523999999999999,203.8
626,2006Q3,2006-09,5.25,68.9,6.4025,202.8
627,2006Q4,2006-10,5.25,68.8,6.3575,201.9
628,2006Q4,2006-11,5.25,68.8,6.24,202.0
629,2006Q4,2006-12,5.24,68.8,6.135,203.1
630,2007Q1,2007-01,5.25,68.5,6.2175,203.437
631,2007Q1,2007-02,5.26,68.5,6.285,204.226
632,2007Q1,2007-03,5.26,68.5,6.156000000000001,205.288
633,2007Q2,2007-04,5.25,68.3,6.18,205.904
634,2007Q2,2007-05,5.25,68.3,6.2620000000000005,206.755
635,2007Q2,2007-06,5.25,68.3,6.657500000000001,207.234
636,2007Q3,2007-07,5.26,68.0,6.695,207.603
637,2007Q3,2007-08,5.02,68.0,6.572,207.667
638,2007Q3,2007-09,4.94,68.0,6.3825,208.547
639,2007Q4,2007-10,4.76,67.8,6.375,209.19
640,2007Q4,2007-11,4.49,67.8,6.208,210.834
641,2007Q4,2007-12,4.24,67.8,6.095,211.445
642,2008Q1,2008-01,3.94,67.9,5.758,212.174
643,2008Q1,2008-02,2.98,67.9,5.9175,212.687
644,2008Q1,2008-03,2.61,67.9,5.97,213.448
645,2008Q2,2008-04,2.28,68.1,5.9175,213.942
646,2008Q2,2008-05,1.98,68.1,6.036,215.208
647,2008Q2,2008-06,2.0,68.1,6.32,217.463
648,2008Q3,2008-07,2.01,67.7,6.425999999999999,219.016
649,2008Q3,2008-08,2.0,67.7,6.4775,218.69
650,2008Q3,2008-09,1.81,67.7,6.0375,218.877
651,2008Q4,2008-10,0.97,67.5,6.2,216.995
652,2008Q4,2008-11,0.39,67.5,6.0875,213.153
653,2008Q4,2008-12,0.16,67.5,5.286,211.398
654,2009Q1,2009-01,0.15,67.4,5.047499999999999,211.933
655,2009Q1,2009-02,0.22,67.4,5.13,212.705
656,2009Q1,2009-03,0.18,67.4,5.0025,212.495
657,2009Q2,2009-04,0.15,67.4,4.8100000000000005,212.709
658,2009Q2,2009-05,0.18,67.4,4.8575,213.022
659,2009Q2,2009-06,0.21,67.4,5.42,214.79
660,2009Q3,2009-07,0.16,67.4,5.2219999999999995,214.726
661,2009Q3,2009-08,0.16,67.4,5.1925,215.445
662,2009Q3,2009-09,0.15,67.4,5.0575,215.861
663,2009Q4,2009-10,0.12,67.2,4.952,216.509
664,2009Q4,2009-11,0.12,67.2,4.875,217.234
665,2009Q4,2009-12,0.12,67.2,4.93,217.347
666,2010Q1,2010-01,0.11,67.2,5.03,217.488
667,2010Q1,2010-02,0.13,67.2,4.99,217.281
668,2010Q1,2010-03,0.16,67.2,4.9675,217.353
669,2010Q2,2010-04,0.2,66.9,5.098000000000001,217.403
670,2010Q2,2010-05,0.2,66.9,4.8875,217.29
671,2010Q2,2010-06,0.18,66.9,4.7375,217.199
672,2010Q3,2010-07,0.18,66.7,4.564,217.605
673,2010Q3,2010-08,0.19,66.7,4.4275,217.923
674,2010Q3,2010-09,0.19,66.7,4.346,218.275
675,2010Q4,2010-10,0.19,66.5,4.225,219.035
676,2010Q4,2010-11,0.19,66.5,4.3,219.59
677,2010Q4,2010-12,0.18,66.5,4.714,220.472
678,2011Q1,2011-01,0.17,66.5,4.755,221.187
679,2011Q1,2011-02,0.16,66.5,4.9525,221.898
680,2011Q1,2011-03,0.14,66.5,4.836,223.046
681,2011Q2,2011-04,0.1,66.0,4.84,224.093
682,2011Q2,2011-05,0.09,66.0,4.6375,224.806
683,2011Q2,2011-06,0.09,66.0,4.51,224.806
684,2011Q3,2011-07,0.07,66.1,4.545,225.395
685,2011Q3,2011-08,0.1,66.1,4.27,226.106
686,2011Q3,2011-09,0.08,66.1,4.106,226.597
687,2011Q4,2011-10,0.07,65.9,4.0675,226.75
688,2011Q4,2011-11,0.08,65.9,3.9925,227.169
689,2011Q4,2011-12,0.07,65.9,3.9579999999999997,227.223
690,2012Q1,2012-01,0.08,65.6,3.915,227.842
691,2012Q1,2012-02,0.1,65.6,3.89,228.329
692,2012Q1,2012-03,0.13,65.6,3.9539999999999997,228.807
693,2012Q2,2012-04,0.14,65.6,3.91,229.187
694,2012Q2,2012-05,0.16,65.6,3.7979999999999996,228.713
695,2012Q2,2012-06,0.16,65.6,3.675,228.524
696,2012Q3,2012-07,0.16,65.4,3.55,228.59
697,2012Q3,2012-08,0.13,65.4,3.6019999999999994,229.918
698,2012Q3,2012-09,0.14,65.4,3.4975,231.015
699,2012Q4,2012-10,0.16,65.3,3.3825000000000003,231.638
700,2012Q4,2012-11,0.16,65.3,3.3519999999999994,231.249
701,2012Q4,2012-12,0.16,65.3,3.3449999999999998,231.221
702,2013Q1,2013-01,0.14,65.2,3.414,231.679
703,2013Q1,2013-02,0.15,65.2,3.5324999999999998,232.937
704,2013Q1,2013-03,0.14,65.2,3.565,232.282
705,2013Q2,2013-04,0.15,65.1,3.4450000000000003,231.797
706,2013Q2,2013-05,0.11,65.1,3.536,231.893
707,2013Q2,2013-06,0.09,65.1,4.07,232.445
708,2013Q3,2013-07,0.09,65.2,4.37,232.9
709,2013Q3,2013-08,0.08,65.2,4.456,233.456
710,2013Q3,2013-09,0.08,65.2,4.49,233.544
711,2013Q4,2013-10,0.09,65.1,4.192,233.669
712,2013Q4,2013-11,0.08,65.1,4.255,234.1
713,2013Q4,2013-12,0.09,65.1,4.4575,234.719
714,2014Q1,2014-01,0.07,64.9,4.432,235.288
715,2014Q1,2014-02,0.07,64.9,4.3025,235.547
716,2014Q1,2014-03,0.08,64.9,4.3425,236.028
717,2014Q2,2014-04,0.09,64.8,4.3375,236.468
718,2014Q2,2014-05,0.09,64.8,4.192,236.918
719,2014Q2,2014-06,0.1,64.8,4.1625,237.231
720,2014Q3,2014-07,0.09,64.3,4.13,237.498
721,2014Q3,2014-08,0.09,64.3,4.115,237.46
722,2014Q3,2014-09,0.09,64.3,4.1625,237.477
723,2014Q4,2014-10,0.09,63.9,4.036,237.43
724,2014Q4,2014-11,0.09,63.9,3.9975,236.983
725,2014Q4,2014-12,0.12,63.9,3.864,236.252
726,2015Q1,2015-01,0.11,63.8,3.67,234.747
727,2015Q1,2015-02,0.11,63.8,3.71,235.342
728,2015Q1,2015-03,0.11,63.8,3.77,235.976
729,2015Q2,2015-04,0.12,63.5,3.6719999999999997,236.222
730,2015Q2,2015-05,0.12,63.5,3.84,237.001
731,2015Q2,2015-06,0.13,63.5,3.9825,237.657
732,2015Q3,2015-07,0.13,63.6,4.046,238.034
733,2015Q3,2015-08,0.14,63.6,3.9050000000000002,238.033
734,2015Q3,2015-09,0.14,63.6,3.89,237.498
735,2015Q4,2015-10,0.12,63.7,3.7960000000000003,237.733
736,2015Q4,2015-11,0.12,63.7,3.9425,238.017
737,2015Q4,2015-12,0.24,63.7,3.964,237.761
738,2016Q1,2016-01,0.34,63.5,3.8725,237.652
739,2016Q1,2016-02,0.38,63.5,3.66,237.336
740,2016Q1,2016-03,0.36,63.5,3.694,238.08
741,2016Q2,2016-04,0.37,63.1,3.605,238.992
742,2016Q2,2016-05,0.37,63.1,3.6,239.557
743,2016Q2,2016-06,0.38,63.1,3.568,240.222
744,2016Q3,2016-07,0.39,63.4,3.44,240.101
745,2016Q3,2016-08,0.4,63.4,3.435,240.545
746,2016Q3,2016-09,0.4,63.4,3.46,241.176
747,2016Q4,2016-10,0.4,63.5,3.47,241.741
748,2016Q4,2016-11,0.41,63.5,3.77,242.026
749,2016Q4,2016-12,0.54,63.5,4.198,242.637
750,2017Q1,2017-01,0.65,63.6,4.15,243.618
751,2017Q1,2017-02,0.66,63.6,4.1675,244.006
752,2017Q1,2017-03,0.79,63.6,4.196,243.892
753,2017Q2,2017-04,0.9,63.9,4.045,244.193
754,2017Q2,2017-05,0.91,63.9,4.01,244.004
755,2017Q2,2017-06,1.04,63.9,3.904,244.163
756,2017Q3,2017-07,1.15,63.9,3.9675000000000002,244.243
757,2017Q3,2017-08,1.16,63.9,3.88,245.183
758,2017Q3,2017-09,1.15,63.9,3.8049999999999997,246.435
759,2017Q4,2017-10,1.15,64.0,3.895,246.626
760,2017Q4,2017-11,1.16,64.0,3.9219999999999997,247.284
761,2017Q4,2017-12,1.3,64.0,3.95,247.805
762,2018Q1,2018-01,1.41,64.2,4.032500000000001,248.859
763,2018Q1,2018-02,1.42,64.2,4.33,249.529
764,2018Q1,2018-03,1.51,64.2,4.444,249.577
765,2018Q2,2018-04,1.69,64.5,4.4675,250.227
766,2018Q2,2018-05,1.7,64.5,4.586,250.792
767,2018Q2,2018-06,1.82,64.5,4.57,251.018
768,2018Q3,2018-07,1.91,64.4,4.5275,251.214
769,2018Q3,2018-08,1.91,64.4,4.55,251.663
770,2018Q3,2018-09,1.95,64.4,4.6274999999999995,252.182
771,2018Q4,2018-10,2.19,64.6,4.83,252.772
772,2018Q4,2018-11,2.2,64.6,4.866,252.594
773,2018Q4,2018-12,2.27,64.6,4.6375,252.767
774,2019Q1,2019-01,2.4,64.2,4.464,252.561
775,2019Q1,2019-02,2.4,64.2,4.37,253.319
776,2019Q1,2019-03,2.41,64.2,4.265,254.277
777,2019Q2,2019-04,2.42,64.3,4.1425,255.233
778,2019Q2,2019-05,2.39,64.3,4.072,255.296
779,2019Q2,2019-06,2.38,64.3,3.8024999999999998,255.213
780,2019Q3,2019-07,2.4,64.7,3.765,255.802
781,2019Q3,2019-08,2.13,64.7,3.6159999999999997,256.036
782,2019Q3,2019-09,2.04,64.7,3.605,256.43
783,2019Q4,2019-10,1.83,65.0,3.6879999999999997,257.155
784,2019Q4,2019-11,1.55,65.0,3.6950000000000003,257.879
785,2019Q4,2019-12,1.55,65.0,3.72,258.63
786,2020Q1,2020-01,1.55,65.3,3.624,258.906
787,2020Q1,2020-02,1.58,65.3,3.4650000000000003,259.246
788,2020Q1,2020-03,0.65,65.3,3.45,258.15
789,2020Q2,2020-04,0.05,68.0,3.306,256.126
790,2020Q2,2020-05,0.05,68.0,3.2325,255.848
791,2020Q2,2020-06,0.08,68.0,3.1625,257.004
792,2020Q3,2020-07,0.09,67.3,3.016,258.408
793,2020Q3,2020-08,0.1,67.3,2.935,259.366
794,2020Q3,2020-09,0.09,67.3,2.89,259.951
795,2020Q4,2020-10,0.09,65.7,2.834,260.249
796,2020Q4,2020-11,0.09,65.7,2.765,260.895
797,2020Q4,2020-12,0.09,65.7,2.684,262.005
798,2021Q1,2021-01,0.09,65.6,2.735,262.518
799,2021Q1,2021-02,0.08,65.6,2.81,263.583
800,2021Q1,2021-03,0.07,65.6,3.0825,264.91
801,2021Q2,2021-04,0.07,65.5,3.06,266.752
802,2021Q2,2021-05,0.06,65.5,2.9625,268.452
803,2021Q2,2021-06,0.08,65.5,2.975,270.664
804,2021Q3,2021-07,0.1,65.3,2.868,271.994
805,2021Q3,2021-08,0.09,65.3,2.8425000000000002,272.789
806,2021Q3,2021-09,0.08,65.3,2.9,273.887
807,2021Q4,2021-10,0.08,65.5,3.0675,276.434
808,2021Q4,2021-11,0.08,65.5,3.0675,278.799
809,2021Q4,2021-12,0.08,65.5,3.098,280.808
810,2022Q1,2022-01,0.08,65.4,3.4450000000000003,282.39
811,2022Q1,2022-02,0.08,65.4,3.7625,284.535
812,2022Q1,2022-03,0.2,65.4,4.172,287.553
813,2022Q2,2022-04,0.33,65.9,4.9825,288.764
814,2022Q2,2022-05,0.77,65.9,5.2299999999999995,291.359
815,2022Q2,2022-06,1.21,65.9,5.522,294.996
816,2022Q3,2022-07,1.68,65.9,5.4125,294.977
817,2022Q3,2022-08,2.33,65.9,5.2225,295.209
818,2022Q3,2022-09,2.56,65.9,6.112,296.341
819,2022Q4,2022-10,3.08,65.9,6.9,297.863
820,2022Q4,2022-11,3.78,65.9,6.805,298.648
821,2022Q4,2022-12,4.1,65.9,6.364,298.812
822,2023Q1,2023-01,4.33,66.0,6.2725,300.356
823,2023Q1,2023-02,4.57,66.0,6.2575,301.509
824,2023Q1,2023-03,4.65,66.0,6.544,301.744
825,2023Q2,2023-04,4.83,66.0,6.342499999999999,303.032
826,2023Q2,2023-05,5.06,66.0,6.425,303.365
827,2023Q2,2023-06,5.08,66.0,6.714,304.003
828,2023Q3,2023-07,5.12,65.9,6.84,304.628
829,2023Q3,2023-08,5.33,65.9,7.072,306.187
830,2023Q3,2023-09,5.33,65.9,7.2,307.288
831,2023Q4,2023-10,5.33,65.7,7.62,307.531
832,2023Q4,2023-11,5.33,65.7,7.442,308.024
833,2023Q4,2023-12,5.33,65.7,6.815,308.742
834,2024Q1,2024-01,5.33,65.6,6.6425,309.685
835,2024Q1,2024-02,5.33,65.6,6.776000000000001,311.054
836,2024Q1,2024-03,5.33,65.6,6.82,312.23
837,2024Q2,2024-04,5.33,,6.9925,
838,,2024-05,,,7.22,
839,,1947-01,,,,21.48
840,,1947-02,,,,21.62
841,,1947-03,,,,22.0
842,,1947-04,,,,22.0
843,,1947-05,,,,21.95
844,,1947-06,,,,22.08
845,,1947-07,,,,22.23
846,,1947-08,,,,22.4
847,,1947-09,,,,22.84
848,,1947-10,,,,22.91
849,,1947-11,,,,23.06
850,,1947-12,,,,23.41
851,,1948-01,,,,23.68
852,,1948-02,,,,23.67
853,,1948-03,,,,23.5
854,,1948-04,,,,23.82
855,,1948-05,,,,24.01
856,,1948-06,,,,24.15
857,,1948-07,,,,24.4
858,,1948-08,,,,24.43
859,,1948-09,,,,24.36
860,,1948-10,,,,24.31
861,,1948-11,,,,24.16
862,,1948-12,,,,24.05
863,,1949-01,,,,24.01
864,,1949-02,,,,23.91
865,,1949-03,,,,23.91
866,,1949-04,,,,23.92
867,,1949-05,,,,23.91
868,,1949-06,,,,23.92
869,,1949-07,,,,23.7
870,,1949-08,,,,23.7
871,,1949-09,,,,23.75
872,,1949-10,,,,23.67
873,,1949-11,,,,23.7
874,,1949-12,,,,23.61
875,,1950-01,,,,23.51
876,,1950-02,,,,23.61
877,,1950-03,,,,23.64
878,,1950-04,,,,23.65
879,,1950-05,,,,23.77
880,,1950-06,,,,23.88
881,,1950-07,,,,24.07
882,,1950-08,,,,24.2
883,,1950-09,,,,24.34
884,,1950-10,,,,24.5
885,,1950-11,,,,24.6
886,,1950-12,,,,24.98
887,,1951-01,,,,25.38
888,,1951-02,,,,25.83
889,,1951-03,,,,25.88
890,,1951-04,,,,25.92
891,,1951-05,,,,25.99
892,,1951-06,,,,25.93
893,,1951-07,,,,25.91
894,,1951-08,,,,25.86
895,,1951-09,,,,26.03
896,,1951-10,,,,26.16
897,,1951-11,,,,26.32
898,,1951-12,,,,26.47
899,,1952-01,,,,26.45
900,,1952-02,,,,26.41
901,,1952-03,,,,26.39
902,,1952-04,,,,26.46
903,,1952-05,,,,26.47
904,,1952-06,,,,26.53
905,,1952-07,,,,26.68
906,,1952-08,,,,26.69
907,,1952-09,,,,26.63
908,,1952-10,,,,26.69
909,,1952-11,,,,26.69
910,,1952-12,,,,26.71
911,,1953-01,,,,26.64
912,,1953-02,,,,26.59
913,,1953-03,,,,26.63
914,,1953-04,,,,26.69
915,,1953-05,,,,26.7
916,,1953-06,,,,26.77
917,,1953-07,,,,26.79
918,,1953-08,,,,26.85
919,,1953-09,,,,26.89
920,,1953-10,,,,26.95
921,,1953-11,,,,26.85
922,,1953-12,,,,26.87
923,,1954-01,,,,26.94
924,,1954-02,,,,26.99
925,,1954-03,,,,26.93
926,,1954-04,,,,26.86
927,,1954-05,,,,26.93
928,,1954-06,,,,26.94
